Workbook

Sheet SUS
B1: SUS
B2: P1 | C2: P2 | D2: P3 | E2: P4 | F2: P5 | G2: P6 | H2: P7 | I2: P8 | J2: P9 | K2: P10
B3: question 17 | C3: question 18 | D3: question 19 | E3: question 20 | F3: question 21 | G3: question 22 | H3: question 23 | I3: question 24 | J3: question 25 | K3: question 26
A4: Participant | B4: I think I would like to use this system frequently. | C4: I found the system unnecessarily complex. | D4: I thought the system was easy to use. | E4: I think I would need the support of a technician to be able to use this system. | F4: I found that the various functions of the system were well integrated. | G4: I thought there was too much inconsistency in this system. | H4: I imagine that most people would learn how to use this system very quickly. | I4: I found the system very complicated to use. | J4: I felt very confident using the system. | K4: I needed to learn many things before starting with this system. | L4: Adjusted Sum | M4: SUS | N4: Interpretation | O4: Cronbach's alpha
A5: 1 | B5: 1 | C5: 1 | D5: 5 | E5: 1 | F5: 3 | G5: 1 | H5: 5 | I5: 1 | J5: 3 | K5: 1 | L5: =(B5-1)+(5-C5)+(D5-1)+(5-E5)+(F5-1)+(5-G5)+(H5-1)+(5-I5)+(J5-1)+(5-K5) -> 32 | M5: =L5*2.5 -> 80 | N5: =IF(M5<51.7,"F (Poor)", IF(M5<62.6,"D (Bad)", IF(M5<64.9,"C- (Low)", IF(M5<71,"C (Average)", IF(M5<72.5,"C+ (Average+)", IF(M5<74,"B- (Good)", IF(M5<77.1,"B (Good)", IF(M5<78.8,"B+ (Good+)", IF(M5<80.7,"A- (Very Good)", IF(M5<84,"A (Excellent)", "A+ (Outstanding)")))))))))) -> A- (Very Good)
A6: 2 | B6: 2 | C6: 1 | D6: 5 | E6: 1 | F6: 5 | G6: 1 | H6: 5 | I6: 1 | J6: 4 | K6: 1 | L6: =(B6-1)+(5-C6)+(D6-1)+(5-E6)+(F6-1)+(5-G6)+(H6-1)+(5-I6)+(J6-1)+(5-K6) -> 36 | M6: =L6*2.5 -> 90 | N6: =IF(M6<51.7,"F (Poor)", IF(M6<62.6,"D (Bad)", IF(M6<64.9,"C- (Low)", IF(M6<71,"C (Average)", IF(M6<72.5,"C+ (Average+)", IF(M6<74,"B- (Good)", IF(M6<77.1,"B (Good)", IF(M6<78.8,"B+ (Good+)", IF(M6<80.7,"A- (Very Good)", IF(M6<84,"A (Excellent)", "A+ (Outstanding)")))))))))) -> A+ (Outstanding)
A7: 3 | B7: 3 | C7: 1 | D7: 5 | E7: 2 | F7: 4 | G7: 1 | H7: 5 | I7: 1 | J7: 5 | K7: 2 | L7: =(B7-1)+(5-C7)+(D7-1)+(5-E7)+(F7-1)+(5-G7)+(H7-1)+(5-I7)+(J7-1)+(5-K7) -> 35 | M7: =L7*2.5 -> 87.5 | N7: =IF(M7<51.7,"F (Poor)", IF(M7<62.6,"D (Bad)", IF(M7<64.9,"C- (Low)", IF(M7<71,"C (Average)", IF(M7<72.5,"C+ (Average+)", IF(M7<74,"B- (Good)", IF(M7<77.1,"B (Good)", IF(M7<78.8,"B+ (Good+)", IF(M7<80.7,"A- (Very Good)", IF(M7<84,"A (Excellent)", "A+ (Outstanding)")))))))))) -> A+ (Outstanding)
A8: 4 | B8: 3 | C8: 2 | D8: 1 | E8: 1 | F8: 5 | G8: 1 | H8: 5 | I8: 1 | J8: 5 | K8: 3 | L8: =(B8-1)+(5-C8)+(D8-1)+(5-E8)+(F8-1)+(5-G8)+(H8-1)+(5-I8)+(J8-1)+(5-K8) -> 31 | M8: =L8*2.5 -> 77.5 | N8: =IF(M8<51.7,"F (Poor)", IF(M8<62.6,"D (Bad)", IF(M8<64.9,"C- (Low)", IF(M8<71,"C (Average)", IF(M8<72.5,"C+ (Average+)", IF(M8<74,"B- (Good)", IF(M8<77.1,"B (Good)", IF(M8<78.8,"B+ (Good+)", IF(M8<80.7,"A- (Very Good)", IF(M8<84,"A (Excellent)", "A+ (Outstanding)")))))))))) -> B+ (Good+)
A9: 5 | B9: 3 | C9: 1 | D9: 4 | E9: 1 | F9: 5 | G9: 1 | H9: 4 | I9: 1 | J9: 5 | K9: 1 | L9: =(B9-1)+(5-C9)+(D9-1)+(5-E9)+(F9-1)+(5-G9)+(H9-1)+(5-I9)+(J9-1)+(5-K9) -> 36 | M9: =L9*2.5 -> 90 | N9: =IF(M9<51.7,"F (Poor)", IF(M9<62.6,"D (Bad)", IF(M9<64.9,"C- (Low)", IF(M9<71,"C (Average)", IF(M9<72.5,"C+ (Average+)", IF(M9<74,"B- (Good)", IF(M9<77.1,"B (Good)", IF(M9<78.8,"B+ (Good+)", IF(M9<80.7,"A- (Very Good)", IF(M9<84,"A (Excellent)", "A+ (Outstanding)")))))))))) -> A+ (Outstanding)
A10: 6 | B10: 2 | C10: 1 | D10: 5 | E10: 5 | F10: 5 | G10: 1 | H10: 5 | I10: 1 | J10: 5 | K10: 1 | L10: =(B10-1)+(5-C10)+(D10-1)+(5-E10)+(F10-1)+(5-G10)+(H10-1)+(5-I10)+(J10-1)+(5-K10) -> 33 | M10: =L10*2.5 -> 82.5 | N10: =IF(M10<51.7,"F (Poor)", IF(M10<62.6,"D (Bad)", IF(M10<64.9,"C- (Low)", IF(M10<71,"C (Average)", IF(M10<72.5,"C+ (Average+)", IF(M10<74,"B- (Good)", IF(M10<77.1,"B (Good)", IF(M10<78.8,"B+ (Good+)", IF(M10<80.7,"A- (Very Good)", IF(M10<84,"A (Excellent)", "A+ (Outstanding)")))))))))) -> A (Excellent)
A11: 7 | B11: 4 | C11: 4 | D11: 3 | E11: 5 | F11: 4 | G11: 4 | H11: 4 | I11: 5 | J11: 3 | K11: 5 | L11: =(B11-1)+(5-C11)+(D11-1)+(5-E11)+(F11-1)+(5-G11)+(H11-1)+(5-I11)+(J11-1)+(5-K11) -> 15 | M11: =L11*2.5 -> 37.5 | N11: =IF(M11<51.7,"F (Poor)", IF(M11<62.6,"D (Bad)", IF(M11<64.9,"C- (Low)", IF(M11<71,"C (Average)", IF(M11<72.5,"C+ (Average+)", IF(M11<74,"B- (Good)", IF(M11<77.1,"B (Good)", IF(M11<78.8,"B+ (Good+)", IF(M11<80.7,"A- (Very Good)", IF(M11<84,"A (Excellent)", "A+ (Outstanding)")))))))))) -> F (Poor)
A12: 8 | B12: 3 | C12: 1 | D12: 5 | E12: 1 | F12: 4 | G12: 1 | H12: 5 | I12: 1 | J12: 5 | K12: 1 | L12: =(B12-1)+(5-C12)+(D12-1)+(5-E12)+(F12-1)+(5-G12)+(H12-1)+(5-I12)+(J12-1)+(5-K12) -> 37 | M12: =L12*2.5 -> 92.5 | N12: =IF(M12<51.7,"F (Poor)", IF(M12<62.6,"D (Bad)", IF(M12<64.9,"C- (Low)", IF(M12<71,"C (Average)", IF(M12<72.5,"C+ (Average+)", IF(M12<74,"B- (Good)", IF(M12<77.1,"B (Good)", IF(M12<78.8,"B+ (Good+)", IF(M12<80.7,"A- (Very Good)", IF(M12<84,"A (Excellent)", "A+ (Outstanding)")))))))))) -> A+ (Outstanding)
A13: 9 | B13: 4 | C13: 1 | D13: 1 | E13: 2 | F13: 4 | G13: 1 | H13: 4 | I13: 1 | J13: 4 | K13: 3 | L13: =(B13-1)+(5-C13)+(D13-1)+(5-E13)+(F13-1)+(5-G13)+(H13-1)+(5-I13)+(J13-1)+(5-K13) -> 29 | M13: =L13*2.5 -> 72.5 | N13: =IF(M13<51.7,"F (Poor)", IF(M13<62.6,"D (Bad)", IF(M13<64.9,"C- (Low)", IF(M13<71,"C (Average)", IF(M13<72.5,"C+ (Average+)", IF(M13<74,"B- (Good)", IF(M13<77.1,"B (Good)", IF(M13<78.8,"B+ (Good+)", IF(M13<80.7,"A- (Very Good)", IF(M13<84,"A (Excellent)", "A+ (Outstanding)")))))))))) -> B- (Good)
A14: 10 | B14: 4 | C14: 1 | D14: 5 | E14: 1 | F14: 5 | G14: 1 | H14: 4 | I14: 1 | J14: 5 | K14: 1 | L14: =(B14-1)+(5-C14)+(D14-1)+(5-E14)+(F14-1)+(5-G14)+(H14-1)+(5-I14)+(J14-1)+(5-K14) -> 38 | M14: =L14*2.5 -> 95 | N14: =IF(M14<51.7,"F (Poor)", IF(M14<62.6,"D (Bad)", IF(M14<64.9,"C- (Low)", IF(M14<71,"C (Average)", IF(M14<72.5,"C+ (Average+)", IF(M14<74,"B- (Good)", IF(M14<77.1,"B (Good)", IF(M14<78.8,"B+ (Good+)", IF(M14<80.7,"A- (Very Good)", IF(M14<84,"A (Excellent)", "A+ (Outstanding)")))))))))) -> A+ (Outstanding)
A15: 11 | B15: 3 | C15: 1 | D15: 5 | E15: 1 | F15: 5 | G15: 1 | H15: 5 | I15: 1 | J15: 5 | K15: 1 | L15: =(B15-1)+(5-C15)+(D15-1)+(5-E15)+(F15-1)+(5-G15)+(H15-1)+(5-I15)+(J15-1)+(5-K15) -> 38 | M15: =L15*2.5 -> 95 | N15: =IF(M15<51.7,"F (Poor)", IF(M15<62.6,"D (Bad)", IF(M15<64.9,"C- (Low)", IF(M15<71,"C (Average)", IF(M15<72.5,"C+ (Average+)", IF(M15<74,"B- (Good)", IF(M15<77.1,"B (Good)", IF(M15<78.8,"B+ (Good+)", IF(M15<80.7,"A- (Very Good)", IF(M15<84,"A (Excellent)", "A+ (Outstanding)")))))))))) -> A+ (Outstanding)
A16: 12 | B16: 3 | C16: 1 | D16: 5 | E16: 1 | F16: 4 | G16: 1 | H16: 4 | I16: 1 | J16: 4 | K16: 2 | L16: =(B16-1)+(5-C16)+(D16-1)+(5-E16)+(F16-1)+(5-G16)+(H16-1)+(5-I16)+(J16-1)+(5-K16) -> 34 | M16: =L16*2.5 -> 85 | N16: =IF(M16<51.7,"F (Poor)", IF(M16<62.6,"D (Bad)", IF(M16<64.9,"C- (Low)", IF(M16<71,"C (Average)", IF(M16<72.5,"C+ (Average+)", IF(M16<74,"B- (Good)", IF(M16<77.1,"B (Good)", IF(M16<78.8,"B+ (Good+)", IF(M16<80.7,"A- (Very Good)", IF(M16<84,"A (Excellent)", "A+ (Outstanding)")))))))))) -> A+ (Outstanding)
... A35: 31 | B35: 5 | C35: 2 | D35: 4 | E35: 2 | F35: 4 | G35: 4 | H35: 4 | I35: 3 | J35: 4 | K35: 4 | L35: =(B35-1)+(5-C35)+(D35-1)+(5-E35)+(F35-1)+(5-G35)+(H35-1)+(5-I35)+(J35-1)+(5-K35) -> 26 | M35: =L35*2.5 -> 65 | N35: =IF(M35<51.7,"F (Poor)", IF(M35<62.6,"D (Bad)", IF(M35<64.9,"C- (Low)", IF(M35<71,"C (Average)", IF(M35<72.5,"C+ (Average+)", IF(M35<74,"B- (Good)", IF(M35<77.1,"B (Good)", IF(M35<78.8,"B+ (Good+)", IF(M35<80.7,"A- (Very Good)", IF(M35<84,"A (Excellent)", "A+ (Outstanding)")))))))))) -> C (Average)
K36: TOTAL | L36: =AVERAGE(L5:L35) -> 32.387097 | M36: =AVERAGE(M5:M35) -> 80.967742 | N36: =IF(M36<51.7,"F (Poor)", IF(M36<62.6,"D (Bad)", IF(M36<64.9,"C- (Low)", IF(M36<71,"C (Average)", IF(M36<72.5,"C+ (Average+)", IF(M36<74,"B- (Good)", IF(M36<77.1,"B (Good)", IF(M36<78.8,"B+ (Good+)", IF(M36<80.7,"A- (Very Good)", IF(M36<84,"A (Excellent)", "A+ (Outstanding)")))))))))) -> A (Excellent) | O36: =IF(COUNT(L5:L35)>1, (10/9)*(1-( (_xlfn.VAR.S(B5:B34)+_xlfn.VAR.S(C5:C34)+_xlfn.VAR.S(D5:D34)+_xlfn.VAR.S(E5:E34)+_xlfn.VAR.S(F5:F34)+_xlfn.VAR.S(G5:G34)+_xlfn.VAR.S(H5:H34)+_xlfn.VAR.S(I5:I34)+_xlfn.VAR.S(J5:J34)+_xlfn.VAR.S(K5:K34)) /_xlfn.VAR.S(L5:L34) )), "") -> 0.80455077
O37: =IF(ROUND(O36,2)>=0.9,"Excellent", IF(ROUND(O36,2)>=0.8,"Good", IF(ROUND(O36,2)>=0.7,"Acceptable", IF(ROUND(O36,2)>=0.6,"Questionable", IF(ROUND(O36,2)>=0.5,"Poor", "Unacceptable"))))) -> Good
K39: Sample size | M39: =COUNTA(M5:M35) -> 31
K40: Mean of log times | M40: =M36 -> 80.967742
K41: Standard deviation: | M41: =_xlfn.STDEV.S(M5:M35) -> 14.196206
K42: Benchmark | M42: =68 -> 68
K44: T | M44: =(M40-M42)/(M41/SQRT(M39)) -> 5.0859598
K45: One-tailed test | M45: =_xlfn.T.DIST.RT(M44, M39-1) -> 9.1377423e-06
K46: Percentage | M46: =100- (M45*100) -> 99.999086

Sheet ISO 9241-11
A1: ISO 9241-11
B2: P1 | C2: P2 | D2: P3 | E2: P4 | F2: P5 | G2: P6 | J2: P7 | K2: P8 | L2: P9 | M2: P10
B3: question 27 | C3: question 28 | D3: question 29 | E3: question 30 | F3: question 31 | G3: question 32 | J3: question 33 | K3: question 34 | L3: question 35 | M3: question 36
A4: Parcicipant | B4: Have you finally learnt the features of the system? | C4: Have you completed task 1 (finding out which actions have a priority of 100%)? | D4: Have you completed task 2 (finding out which human factor has the most negative score within the development team)? | E4: How long in seconds did it take you to understand the Human DevOps documentation? | F4: How long in seconds did it take you to complete task 1 (find out which actions have a priority of 100%? | G4: How long in seconds did it take you to complete task 2 (find out which human factor has the most negative score within the development team)? | H4: LN P5 | I4: LN P6 | J4: How many times did you need help to complete task 1 (finding out which actions have a priority of 100%)? | K4: How many times did you need help to complete task 2 (finding out which human factor has the most negative score within the development team)? | L4: How many times did you make a mistake when performing task 1 (finding out which actions have a priority of 100%)? | M4: How many times did you make a mistake when completing task 2 (finding the human factor with the most negative score within the development team)? | N4: Help Requests per Task | O4: % Effectiveness | P4: Efficiency (s) | Q4: Satisfaction (SUS) | R4: SUS interpretation
A5: 1 | B5: 1 | C5: 1 | D5: 1 | E5: 247 | F5: 26 | G5: 25 | H5: =LN(F5) -> 3.2580965 | I5: =LN(G5) -> 3.2188758 | J5: 0 | K5: 0 | L5: 0 | M5: 0 | N5: =SUM(J5:K5)/2 -> 0 | O5: =((C5+D5)/2)*100 -> 100 | P5: =IF(COUNT(C5:M5)=0,0, (AVERAGE(C5:D5)) / (1 + SUM(J5:M5)) ) -> 1 | Q5: =SUS!$M5 -> 80 | R5: =IF(Q5<51.7,"F (Poor)", IF(Q5<62.6,"D (Bad)", IF(Q5<64.9,"C- (Low)", IF(Q5<71,"C (Average)", IF(Q5<72.5,"C+ (Average+)", IF(Q5<74,"B- (Good)", IF(Q5<77.1,"B (Good)", IF(Q5<78.8,"B+ (Good+)", IF(Q5<80.7,"A- (Very Good)", IF(Q5<84,"A (Excellent)", "A+ (Outstanding)")))))))))) -> A- (Very Good) | T5: Ideal time task 1 | U5: 80
A6: 2 | B6: 1 | C6: 1 | D6: 1 | E6: 192 | F6: 68 | G6: 11 | H6: =LN(F6) -> 4.2195077 | I6: =LN(G6) -> 2.3978953 | J6: 1 | K6: 0 | L6: 0 | M6: 0 | N6: =SUM(J6:K6)/2 -> 0.5 | O6: =((C6+D6)/2)*100 -> 100 | P6: =IF(COUNT(C6:M6)=0,0, (AVERAGE(C6:D6)) / (1 + SUM(J6:M6)) ) -> 0.5 | Q6: =SUS!$M6 -> 90 | R6: =IF(Q6<51.7,"F (Poor)", IF(Q6<62.6,"D (Bad)", IF(Q6<64.9,"C- (Low)", IF(Q6<71,"C (Average)", IF(Q6<72.5,"C+ (Average+)", IF(Q6<74,"B- (Good)", IF(Q6<77.1,"B (Good)", IF(Q6<78.8,"B+ (Good+)", IF(Q6<80.7,"A- (Very Good)", IF(Q6<84,"A (Excellent)", "A+ (Outstanding)")))))))))) -> A+ (Outstanding) | T6: Ideal time task 2 | U6: 60
A7: 3 | B7: 1 | C7: 1 | D7: 1 | E7: 270 | F7: 50 | G7: 60 | H7: =LN(F7) -> 3.912023 | I7: =LN(G7) -> 4.0943446 | J7: 1 | K7: 0 | L7: 0 | M7: 0 | N7: =SUM(J7:K7)/2 -> 0.5 | O7: =((C7+D7)/2)*100 -> 100 | P7: =IF(COUNT(C7:M7)=0,0, (AVERAGE(C7:D7)) / (1 + SUM(J7:M7)) ) -> 0.5 | Q7: =SUS!$M7 -> 87.5 | R7: =IF(Q7<51.7,"F (Poor)", IF(Q7<62.6,"D (Bad)", IF(Q7<64.9,"C- (Low)", IF(Q7<71,"C (Average)", IF(Q7<72.5,"C+ (Average+)", IF(Q7<74,"B- (Good)", IF(Q7<77.1,"B (Good)", IF(Q7<78.8,"B+ (Good+)", IF(Q7<80.7,"A- (Very Good)", IF(Q7<84,"A (Excellent)", "A+ (Outstanding)")))))))))) -> A+ (Outstanding)
A8: 4 | B8: 1 | C8: 1 | D8: 1 | E8: 594 | F8: 22 | G8: 29 | H8: =LN(F8) -> 3.0910425 | I8: =LN(G8) -> 3.3672958 | J8: 1 | K8: 1 | L8: 0 | M8: 1 | N8: =SUM(J8:K8)/2 -> 1 | O8: =((C8+D8)/2)*100 -> 100 | P8: =IF(COUNT(C8:M8)=0,0, (AVERAGE(C8:D8)) / (1 + SUM(J8:M8)) ) -> 0.25 | Q8: =SUS!$M8 -> 77.5 | R8: =IF(Q8<51.7,"F (Poor)", IF(Q8<62.6,"D (Bad)", IF(Q8<64.9,"C- (Low)", IF(Q8<71,"C (Average)", IF(Q8<72.5,"C+ (Average+)", IF(Q8<74,"B- (Good)", IF(Q8<77.1,"B (Good)", IF(Q8<78.8,"B+ (Good+)", IF(Q8<80.7,"A- (Very Good)", IF(Q8<84,"A (Excellent)", "A+ (Outstanding)")))))))))) -> B+ (Good+)
A9: 5 | B9: 1 | C9: 1 | D9: 1 | E9: 450 | F9: 19 | G9: 15 | H9: =LN(F9) -> 2.944439 | I9: =LN(G9) -> 2.7080502 | J9: 0 | K9: 0 | L9: 0 | M9: 0 | N9: =SUM(J9:K9)/2 -> 0 | O9: =((C9+D9)/2)*100 -> 100 | P9: =IF(COUNT(C9:M9)=0,0, (AVERAGE(C9:D9)) / (1 + SUM(J9:M9)) ) -> 1 | Q9: =SUS!$M9 -> 90 | R9: =IF(Q9<51.7,"F (Poor)", IF(Q9<62.6,"D (Bad)", IF(Q9<64.9,"C- (Low)", IF(Q9<71,"C (Average)", IF(Q9<72.5,"C+ (Average+)", IF(Q9<74,"B- (Good)", IF(Q9<77.1,"B (Good)", IF(Q9<78.8,"B+ (Good+)", IF(Q9<80.7,"A- (Very Good)", IF(Q9<84,"A (Excellent)", "A+ (Outstanding)")))))))))) -> A+ (Outstanding)
A10: 6 | B10: 1 | C10: 1 | D10: 1 | E10: 543 | F10: 2 | G10: 2 | H10: =LN(F10) -> 0.69314718 | I10: =LN(G10) -> 0.69314718 | J10: 1 | K10: 1 | L10: 1 | M10: 0 | N10: =SUM(J10:K10)/2 -> 1 | O10: =((C10+D10)/2)*100 -> 100 | P10: =IF(COUNT(C10:M10)=0,0, (AVERAGE(C10:D10)) / (1 + SUM(J10:M10)) ) -> 0.25 | Q10: =SUS!$M10 -> 82.5 | R10: =IF(Q10<51.7,"F (Poor)", IF(Q10<62.6,"D (Bad)", IF(Q10<64.9,"C- (Low)", IF(Q10<71,"C (Average)", IF(Q10<72.5,"C+ (Average+)", IF(Q10<74,"B- (Good)", IF(Q10<77.1,"B (Good)", IF(Q10<78.8,"B+ (Good+)", IF(Q10<80.7,"A- (Very Good)", IF(Q10<84,"A (Excellent)", "A+ (Outstanding)")))))))))) -> A (Excellent)
A11: 7 | B11: 1 | C11: 1 | D11: 1 | E11: 600 | F11: 50 | G11: 40 | H11: =LN(F11) -> 3.912023 | I11: =LN(G11) -> 3.6888795 | J11: 1 | K11: 0 | L11: 0 | M11: 0 | N11: =SUM(J11:K11)/2 -> 0.5 | O11: =((C11+D11)/2)*100 -> 100 | P11: =IF(COUNT(C11:M11)=0,0, (AVERAGE(C11:D11)) / (1 + SUM(J11:M11)) ) -> 0.5 | Q11: =SUS!$M11 -> 37.5 | R11: =IF(Q11<51.7,"F (Poor)", IF(Q11<62.6,"D (Bad)", IF(Q11<64.9,"C- (Low)", IF(Q11<71,"C (Average)", IF(Q11<72.5,"C+ (Average+)", IF(Q11<74,"B- (Good)", IF(Q11<77.1,"B (Good)", IF(Q11<78.8,"B+ (Good+)", IF(Q11<80.7,"A- (Very Good)", IF(Q11<84,"A (Excellent)", "A+ (Outstanding)")))))))))) -> F (Poor)
A12: 8 | B12: 1 | C12: 1 | D12: 1 | E12: 240 | F12: 20 | G12: 20 | H12: =LN(F12) -> 2.9957323 | I12: =LN(G12) -> 2.9957323 | J12: 0 | K12: 0 | L12: 0 | M12: 0 | N12: =SUM(J12:K12)/2 -> 0 | O12: =((C12+D12)/2)*100 -> 100 | P12: =IF(COUNT(C12:M12)=0,0, (AVERAGE(C12:D12)) / (1 + SUM(J12:M12)) ) -> 1 | Q12: =SUS!$M12 -> 92.5 | R12: =IF(Q12<51.7,"F (Poor)", IF(Q12<62.6,"D (Bad)", IF(Q12<64.9,"C- (Low)", IF(Q12<71,"C (Average)", IF(Q12<72.5,"C+ (Average+)", IF(Q12<74,"B- (Good)", IF(Q12<77.1,"B (Good)", IF(Q12<78.8,"B+ (Good+)", IF(Q12<80.7,"A- (Very Good)", IF(Q12<84,"A (Excellent)", "A+ (Outstanding)")))))))))) -> A+ (Outstanding)
A13: 9 | B13: 1 | C13: 1 | D13: 1 | E13: 180 | F13: 70 | G13: 40 | H13: =LN(F13) -> 4.2484952 | I13: =LN(G13) -> 3.6888795 | J13: 0 | K13: 0 | L13: 0 | M13: 0 | N13: =SUM(J13:K13)/2 -> 0 | O13: =((C13+D13)/2)*100 -> 100 | P13: =IF(COUNT(C13:M13)=0,0, (AVERAGE(C13:D13)) / (1 + SUM(J13:M13)) ) -> 1 | Q13: =SUS!$M13 -> 72.5 | R13: =IF(Q13<51.7,"F (Poor)", IF(Q13<62.6,"D (Bad)", IF(Q13<64.9,"C- (Low)", IF(Q13<71,"C (Average)", IF(Q13<72.5,"C+ (Average+)", IF(Q13<74,"B- (Good)", IF(Q13<77.1,"B (Good)", IF(Q13<78.8,"B+ (Good+)", IF(Q13<80.7,"A- (Very Good)", IF(Q13<84,"A (Excellent)", "A+ (Outstanding)")))))))))) -> B- (Good)
A14: 10 | B14: 1 | C14: 1 | D14: 1 | E14: 476 | F14: 70 | G14: 33 | H14: =LN(F14) -> 4.2484952 | I14: =LN(G14) -> 3.4965076 | J14: 0 | K14: 0 | L14: 0 | M14: 0 | N14: =SUM(J14:K14)/2 -> 0 | O14: =((C14+D14)/2)*100 -> 100 | P14: =IF(COUNT(C14:M14)=0,0, (AVERAGE(C14:D14)) / (1 + SUM(J14:M14)) ) -> 1 | Q14: =SUS!$M14 -> 95 | R14: =IF(Q14<51.7,"F (Poor)", IF(Q14<62.6,"D (Bad)", IF(Q14<64.9,"C- (Low)", IF(Q14<71,"C (Average)", IF(Q14<72.5,"C+ (Average+)", IF(Q14<74,"B- (Good)", IF(Q14<77.1,"B (Good)", IF(Q14<78.8,"B+ (Good+)", IF(Q14<80.7,"A- (Very Good)", IF(Q14<84,"A (Excellent)", "A+ (Outstanding)")))))))))) -> A+ (Outstanding)
A15: 11 | B15: 1 | C15: 1 | D15: 1 | E15: 447 | F15: 55 | G15: 40 | H15: =LN(F15) -> 4.0073332 | I15: =LN(G15) -> 3.6888795 | J15: 0 | K15: 0 | L15: 0 | M15: 0 | N15: =SUM(J15:K15)/2 -> 0 | O15: =((C15+D15)/2)*100 -> 100 | P15: =IF(COUNT(C15:M15)=0,0, (AVERAGE(C15:D15)) / (1 + SUM(J15:M15)) ) -> 1 | Q15: =SUS!$M15 -> 95 | R15: =IF(Q15<51.7,"F (Poor)", IF(Q15<62.6,"D (Bad)", IF(Q15<64.9,"C- (Low)", IF(Q15<71,"C (Average)", IF(Q15<72.5,"C+ (Average+)", IF(Q15<74,"B- (Good)", IF(Q15<77.1,"B (Good)", IF(Q15<78.8,"B+ (Good+)", IF(Q15<80.7,"A- (Very Good)", IF(Q15<84,"A (Excellent)", "A+ (Outstanding)")))))))))) -> A+ (Outstanding)
A16: 12 | B16: 1 | C16: 1 | D16: 1 | E16: 390 | F16: 34 | G16: 39 | H16: =LN(F16) -> 3.5263605 | I16: =LN(G16) -> 3.6635616 | J16: 0 | K16: 0 | L16: 1 | M16: 1 | N16: =SUM(J16:K16)/2 -> 0 | O16: =((C16+D16)/2)*100 -> 100 | P16: =IF(COUNT(C16:M16)=0,0, (AVERAGE(C16:D16)) / (1 + SUM(J16:M16)) ) -> 0.33333333 | Q16: =SUS!$M16 -> 85 | R16: =IF(Q16<51.7,"F (Poor)", IF(Q16<62.6,"D (Bad)", IF(Q16<64.9,"C- (Low)", IF(Q16<71,"C (Average)", IF(Q16<72.5,"C+ (Average+)", IF(Q16<74,"B- (Good)", IF(Q16<77.1,"B (Good)", IF(Q16<78.8,"B+ (Good+)", IF(Q16<80.7,"A- (Very Good)", IF(Q16<84,"A (Excellent)", "A+ (Outstanding)")))))))))) -> A+ (Outstanding)
A17: 13 | B17: 1 | C17: 1 | D17: 1 | E17: 450 | F17: 73 | G17: 101 | H17: =LN(F17) -> 4.2904594 | I17: =LN(G17) -> 4.6151205 | J17: 1 | K17: 2 | L17: 0 | M17: 0 | N17: =SUM(J17:K17)/2 -> 1.5 | O17: =((C17+D17)/2)*100 -> 100 | P17: =IF(COUNT(C17:M17)=0,0, (AVERAGE(C17:D17)) / (1 + SUM(J17:M17)) ) -> 0.25 | Q17: =SUS!$M17 -> 80 | R17: =IF(Q17<51.7,"F (Poor)", IF(Q17<62.6,"D (Bad)", IF(Q17<64.9,"C- (Low)", IF(Q17<71,"C (Average)", IF(Q17<72.5,"C+ (Average+)", IF(Q17<74,"B- (Good)", IF(Q17<77.1,"B (Good)", IF(Q17<78.8,"B+ (Good+)", IF(Q17<80.7,"A- (Very Good)", IF(Q17<84,"A (Excellent)", "A+ (Outstanding)")))))))))) -> A- (Very Good)
A18: 14 | B18: 1 | C18: 1 | D18: 1 | E18: 476 | F18: 14 | G18: 11 | H18: =LN(F18) -> 2.6390573 | I18: =LN(G18) -> 2.3978953 | J18: 0 | K18: 0 | L18: 0 | M18: 0 | N18: =SUM(J18:K18)/2 -> 0 | O18: =((C18+D18)/2)*100 -> 100 | P18: =IF(COUNT(C18:M18)=0,0, (AVERAGE(C18:D18)) / (1 + SUM(J18:M18)) ) -> 1 | Q18: =SUS!$M18 -> 87.5 | R18: =IF(Q18<51.7,"F (Poor)", IF(Q18<62.6,"D (Bad)", IF(Q18<64.9,"C- (Low)", IF(Q18<71,"C (Average)", IF(Q18<72.5,"C+ (Average+)", IF(Q18<74,"B- (Good)", IF(Q18<77.1,"B (Good)", IF(Q18<78.8,"B+ (Good+)", IF(Q18<80.7,"A- (Very Good)", IF(Q18<84,"A (Excellent)", "A+ (Outstanding)")))))))))) -> A+ (Outstanding)
... A35: 31 | B35: 1 | C35: 1 | D35: 1 | E35: 370 | F35: 25 | G35: 20 | H35: =LN(F35) -> 3.2188758 | I35: =LN(G35) -> 2.9957323 | J35: 1 | K35: 0 | L35: 0 | M35: 0 | N35: =SUM(J35:K35)/2 -> 0.5 | O35: =((C35+D35)/2)*100 -> 100 | P35: =IF(COUNT(C35:M35)=0,0, (AVERAGE(C35:D35)) / (1 + SUM(J35:M35)) ) -> 0.5 | Q35: =SUS!$M35 -> 65 | R35: =IF(Q35<51.7,"F (Poor)", IF(Q35<62.6,"D (Bad)", IF(Q35<64.9,"C- (Low)", IF(Q35<71,"C (Average)", IF(Q35<72.5,"C+ (Average+)", IF(Q35<74,"B- (Good)", IF(Q35<77.1,"B (Good)", IF(Q35<78.8,"B+ (Good+)", IF(Q35<80.7,"A- (Very Good)", IF(Q35<84,"A (Excellent)", "A+ (Outstanding)")))))))))) -> C (Average)
D36: Arithmetic mean | E36: =AVERAGE(E5:E34) -> 390.4 | F36: =AVERAGE(F5:F35) -> 57.548387 | G36: =AVERAGE(G5:G35) -> 39.387097 | H36: =AVERAGE(H5:H35) -> 3.5826309 | I36: =AVERAGE(I5:I35) -> 3.1963338 | N36: =AVERAGE(N5:N35) -> 0.29032258 | O36: =AVERAGE(O5:O34) -> 100 | P36: =AVERAGE(P5:P34) -> 0.74087302 | Q36: =AVERAGE(Q5:Q34) -> 81.5 | R36: =IF(Q36<51.7,"F (Poor)", IF(Q36<62.6,"D (Bad)", IF(Q36<64.9,"C- (Low)", IF(Q36<71,"C (Average)", IF(Q36<72.5,"C+ (Average+)", IF(Q36<74,"B- (Good)", IF(Q36<77.1,"B (Good)", IF(Q36<78.8,"B+ (Good+)", IF(Q36<80.7,"A- (Very Good)", IF(Q36<84,"A (Excellent)", "A+ (Outstanding)")))))))))) -> A (Excellent)
D37: Geometric mean | F37: =GEOMEAN(F5:F35) -> 35.968044 | G37: =GEOMEAN(G5:G35) -> 24.442754 | H37: =GEOMEAN(H5:H35) -> 3.3584876 | I37: =GEOMEAN(I5:I35) -> 2.995386
D38: Expert time | F38: 21 | G38: 14 | H38: 21 | I38: 14 | K38: Percentage of tasks completed without committing errors | L38: =L39/31*100 -> 83.870968 | M38: =M39/31*100 -> 90.322581
D39: Twice the time of an expert | F39: =2*F38 -> 42 | G39: =2*G38 -> 28 | H39: =2*H38 -> 42 | I39: =2*I38 -> 28 | K39: Number of tasks completed without committing errors | L39: =COUNTIF(L5:L35,0) -> 26 | M39: =COUNTIF(M5:M35,0) -> 28
K40: Binomial (p) | L40: =_xlfn.BINOM.DIST(COUNTIF(L5:L35,0),31,0.7,FALSE) -> 0.038759379 | M40: =_xlfn.BINOM.DIST(COUNTIF(M5:M35,0),31,0.7,FALSE) -> 0.0055826266
K41: Percentage | L41: =(100-L40) -> 99.961241 | M41: =(100-M40) -> 99.994417
G44: Sample size | H44: =COUNTA(H5:H35) -> 31 | I44: =COUNTA(I5:I35) -> 31
G45: Mean of log times | H45: =H37 -> 3.3584876 | I45: =I37 -> 2.995386
G46: Standard deviation of log times: | H46: =_xlfn.STDEV.S(H5:H35) -> 1.0927539 | I46: =_xlfn.STDEV.S(I5:I35) -> 1.0285449
G47: Log of benchmark: | H47: =LN(H48) -> 3.7376696 | I47: =LN(I48) -> 3.3322045
G48: Benchmark | H48: =H39 -> 42 | I48: =I39 -> 28
G49: T | H49: =(H47-H45)/(H46/SQRT(H44)) -> 1.9319958 | I49: =(I47-I45)/(I46/SQRT(I44)) -> 1.8232809
G50: One-tailed test | H50: =_xlfn.T.DIST.RT(H49, H44-1) -> 0.031426365 | I50: =_xlfn.T.DIST.RT(I49, I44-1) -> 0.039119912
H51: =100- (H50*100) -> 96.857363 | I51: =100- (I50*100) -> 96.088009

Sheet TAM
A1: TAM
B2: P1 | C2: P2 | D2: P3 | E2: P4 | F2: P5 | G2: P6 | H2: P7 | I2: P8 | J2: P9 | K2: P10 | L2: P11 | M2: P12 | N2: P13 | O2: P14 | P2: P15 | Q2: P16 | R2: PEOU (P1, P2, P9, P10) | V2: PU (P3, P4, P5, P6, P7) | Z2: ATU (P8, P11, P12) | AD2: IU (P13, P14, P15, P16) | AH2: TAM
B3: question 1 | C3: question 2 | D3: question 3 | E3: question 4 | F3: question 5 | G3: question 6 | H3: question 7 | I3: question 8 | J3: question 9 | K3: question 10 | L3: question 11 | M3: question 12 | N3: question 13 | O3: question 14 | P3: question 15 | Q3: question 16 | R3: Perceived ease of use | V3: Perceived utility | Z3: Attitude towards use | AD3: Intended use
A4: Parcicipant | B4: Do you consider that the tool requires little training to use it effectively? | C4: How would you rate the ease of navigation within the tool's interface? | D4: To what extent do you believe that using this tool increases your productivity? | E4: Does using the tool improve the quality of the projects you work on? | F4: I would use ‘Human DevOps’ if I needed to assess the psychological and emotional wellbeing of development and operations teams. | G4: I would use ‘Human DevOps’ to improve team wellbeing in software engineering environments. | H4: Would you recommend ‘Human DevOps’ to other colleagues in the industry? | I4: If it were available, I would like to use it in the company where I work. | J4: Overall, I found the application intuitive. | K4: I can easily identify the actions that need to be taken and the negative human factors present in the DevOps team. | L4: Using Human DevOps would help me make better decisions about the team's wellbeing. | M4: Human DevOps would be a valuable resource for managing the psychological aspects of software development teams. | N4: I would use Human DevOps to monitor and improve team dynamics over time. | O4: I would use Human DevOps as part of my regular workflow to support team health and performance. | P4: I will likely suggest adopting Human DevOps in future team projects. | Q4: I see myself becoming a regular user of Human DevOps if it proves to be effective. | R4: M | S4: SD | T4: Md | U4: Cronbach's alpha | V4: M | W4: SD | X4: Md | Y4: Cronbach's alpha | Z4: M | AA4: SD | AB4: Md | AC4: Cronbach's alpha | AD4: M | AE4: SD | AF4: Md | AG4: Cronbach's alpha | AH4: M | AI4: SD | AJ4: Md | AK4: Cronbach's alpha
A5: 1 | B5: 5 | C5: 5 | D5: 3 | E5: 3 | F5: 4 | G5: 3 | H5: 2 | I5: 1 | J5: 5 | K5: 5 | L5: 3 | M5: 1 | N5: 1 | O5: 1 | P5: 1 | Q5: 1 | R5: =IF(COUNT(B5,C5,J5,K5)=0,0,AVERAGE(B5,C5,J5,K5)) -> 5 | S5: =IF(COUNT(B5,C5,J5,K5)=0,0,_xlfn.STDEV.S(B5,C5,J5,K5)) -> 0 | T5: =IF(COUNT(B5,C5,J5,K5)=0,0,MEDIAN(B5,C5,J5,K5)) -> 5 | U5: =SUM(B5,C5,J5,K5) -> 20 | V5: =IF(COUNT(D5:H5)=0,0,AVERAGE(D5:H5)) -> 3 | W5: =IF(COUNT(D5:H5)=0,0,_xlfn.STDEV.S(D5:H5)) -> 0.70710678 | X5: =IF(COUNT(D5:H5)=0,0,MEDIAN(D5:H5)) -> 3 | Y5: =SUM(D5:H5) -> 15 | Z5: =IF(COUNT(I5,L5,M5)=0,0,AVERAGE(I5,L5,M5)) -> 1.6666667 | AA5: =IF(COUNT(I5,L5,M5)=0,0,_xlfn.STDEV.S(I5,L5,M5)) -> 1.1547005 | AB5: =IF(COUNT(I5,L5,M5)=0,0,MEDIAN(I5,L5,M5)) -> 1 | AC5: =SUM(I5,L5,M5) -> 5 | AD5: =IF(COUNT(N5:Q5)=0,0,AVERAGE(N5:Q5)) -> 1 | AE5: =IF(COUNT(N5:Q5)=0,0,_xlfn.STDEV.S(N5:Q5)) -> 0 | AF5: =IF(COUNT(N5:Q5)=0,0,MEDIAN(N5:Q5)) -> 1 | AG5: =SUM(N5:Q5) -> 4 | AH5: =AVERAGE(VALUE(B5),VALUE(Q5)) -> 3 | AI5: =IF(COUNT(B5,Q5)=0,0,_xlfn.STDEV.S(B5,Q5)) -> 2.8284271 | AJ5: =IF(COUNT(B5,Q5)=0,0,MEDIAN(B5,Q5)) -> 3 | AK5: =SUM(B5:Q5) -> 44
A6: 2 | B6: 5 | C6: 5 | D6: 2 | E6: 3 | F6: 2 | G6: 2 | H6: 2 | I6: 2 | J6: 5 | K6: 5 | L6: 2 | M6: 2 | N6: 2 | O6: 2 | P6: 2 | Q6: 2 | R6: =IF(COUNT(B6,C6,J6,K6)=0,0,AVERAGE(B6,C6,J6,K6)) -> 5 | S6: =IF(COUNT(B6,C6,J6,K6)=0,0,_xlfn.STDEV.S(B6,C6,J6,K6)) -> 0 | T6: =IF(COUNT(B6,C6,J6,K6)=0,0,MEDIAN(B6,C6,J6,K6)) -> 5 | U6: =SUM(B6,C6,J6,K6) -> 20 | V6: =IF(COUNT(D6:H6)=0,0,AVERAGE(D6:H6)) -> 2.2 | W6: =IF(COUNT(D6:H6)=0,0,_xlfn.STDEV.S(D6:H6)) -> 0.4472136 | X6: =IF(COUNT(D6:H6)=0,0,MEDIAN(D6:H6)) -> 2 | Y6: =SUM(D6:H6) -> 11 | Z6: =IF(COUNT(I6,L6,M6)=0,0,AVERAGE(I6,L6,M6)) -> 2 | AA6: =IF(COUNT(I6,L6,M6)=0,0,_xlfn.STDEV.S(I6,L6,M6)) -> 0 | AB6: =IF(COUNT(I6,L6,M6)=0,0,MEDIAN(I6,L6,M6)) -> 2 | AC6: =SUM(I6,L6,M6) -> 6 | AD6: =IF(COUNT(N6:Q6)=0,0,AVERAGE(N6:Q6)) -> 2 | AE6: =IF(COUNT(N6:Q6)=0,0,_xlfn.STDEV.S(N6:Q6)) -> 0 | AF6: =IF(COUNT(N6:Q6)=0,0,MEDIAN(N6:Q6)) -> 2 | AG6: =SUM(N6:Q6) -> 8 | AH6: =AVERAGE(VALUE(B6),VALUE(Q6)) -> 3.5 | AI6: =IF(COUNT(B6,Q6)=0,0,_xlfn.STDEV.S(B6,Q6)) -> 2.1213203 | AJ6: =IF(COUNT(B6,Q6)=0,0,MEDIAN(B6,Q6)) -> 3.5 | AK6: =SUM(B6:Q6) -> 45
A7: 3 | B7: 4 | C7: 5 | D7: 4 | E7: 3 | F7: 5 | G7: 5 | H7: 5 | I7: 4 | J7: 5 | K7: 5 | L7: 5 | M7: 4 | N7: 5 | O7: 4 | P7: 3 | Q7: 3 | R7: =IF(COUNT(B7,C7,J7,K7)=0,0,AVERAGE(B7,C7,J7,K7)) -> 4.75 | S7: =IF(COUNT(B7,C7,J7,K7)=0,0,_xlfn.STDEV.S(B7,C7,J7,K7)) -> 0.5 | T7: =IF(COUNT(B7,C7,J7,K7)=0,0,MEDIAN(B7,C7,J7,K7)) -> 5 | U7: =SUM(B7,C7,J7,K7) -> 19 | V7: =IF(COUNT(D7:H7)=0,0,AVERAGE(D7:H7)) -> 4.4 | W7: =IF(COUNT(D7:H7)=0,0,_xlfn.STDEV.S(D7:H7)) -> 0.89442719 | X7: =IF(COUNT(D7:H7)=0,0,MEDIAN(D7:H7)) -> 5 | Y7: =SUM(D7:H7) -> 22 | Z7: =IF(COUNT(I7,L7,M7)=0,0,AVERAGE(I7,L7,M7)) -> 4.3333333 | AA7: =IF(COUNT(I7,L7,M7)=0,0,_xlfn.STDEV.S(I7,L7,M7)) -> 0.57735027 | AB7: =IF(COUNT(I7,L7,M7)=0,0,MEDIAN(I7,L7,M7)) -> 4 | AC7: =SUM(I7,L7,M7) -> 13 | AD7: =IF(COUNT(N7:Q7)=0,0,AVERAGE(N7:Q7)) -> 3.75 | AE7: =IF(COUNT(N7:Q7)=0,0,_xlfn.STDEV.S(N7:Q7)) -> 0.95742711 | AF7: =IF(COUNT(N7:Q7)=0,0,MEDIAN(N7:Q7)) -> 3.5 | AG7: =SUM(N7:Q7) -> 15 | AH7: =AVERAGE(VALUE(B7),VALUE(Q7)) -> 3.5 | AI7: =IF(COUNT(B7,Q7)=0,0,_xlfn.STDEV.S(B7,Q7)) -> 0.70710678 | AJ7: =IF(COUNT(B7,Q7)=0,0,MEDIAN(B7,Q7)) -> 3.5 | AK7: =SUM(B7:Q7) -> 69
A8: 4 | B8: 5 | C8: 5 | D8: 4 | E8: 5 | F8: 3 | G8: 5 | H8: 5 | I8: 3 | J8: 3 | K8: 4 | L8: 2 | M8: 2 | N8: 1 | O8: 4 | P8: 4 | Q8: 3 | R8: =IF(COUNT(B8,C8,J8,K8)=0,0,AVERAGE(B8,C8,J8,K8)) -> 4.25 | S8: =IF(COUNT(B8,C8,J8,K8)=0,0,_xlfn.STDEV.S(B8,C8,J8,K8)) -> 0.95742711 | T8: =IF(COUNT(B8,C8,J8,K8)=0,0,MEDIAN(B8,C8,J8,K8)) -> 4.5 | U8: =SUM(B8,C8,J8,K8) -> 17 | V8: =IF(COUNT(D8:H8)=0,0,AVERAGE(D8:H8)) -> 4.4 | W8: =IF(COUNT(D8:H8)=0,0,_xlfn.STDEV.S(D8:H8)) -> 0.89442719 | X8: =IF(COUNT(D8:H8)=0,0,MEDIAN(D8:H8)) -> 5 | Y8: =SUM(D8:H8) -> 22 | Z8: =IF(COUNT(I8,L8,M8)=0,0,AVERAGE(I8,L8,M8)) -> 2.3333333 | AA8: =IF(COUNT(I8,L8,M8)=0,0,_xlfn.STDEV.S(I8,L8,M8)) -> 0.57735027 | AB8: =IF(COUNT(I8,L8,M8)=0,0,MEDIAN(I8,L8,M8)) -> 2 | AC8: =SUM(I8,L8,M8) -> 7 | AD8: =IF(COUNT(N8:Q8)=0,0,AVERAGE(N8:Q8)) -> 3 | AE8: =IF(COUNT(N8:Q8)=0,0,_xlfn.STDEV.S(N8:Q8)) -> 1.4142136 | AF8: =IF(COUNT(N8:Q8)=0,0,MEDIAN(N8:Q8)) -> 3.5 | AG8: =SUM(N8:Q8) -> 12 | AH8: =AVERAGE(VALUE(B8),VALUE(Q8)) -> 4 | AI8: =IF(COUNT(B8,Q8)=0,0,_xlfn.STDEV.S(B8,Q8)) -> 1.4142136 | AJ8: =IF(COUNT(B8,Q8)=0,0,MEDIAN(B8,Q8)) -> 4 | AK8: =SUM(B8:Q8) -> 58
A9: 5 | B9: 5 | C9: 5 | D9: 3 | E9: 1 | F9: 5 | G9: 5 | H9: 4 | I9: 4 | J9: 5 | K9: 5 | L9: 5 | M9: 5 | N9: 5 | O9: 4 | P9: 3 | Q9: 4 | R9: =IF(COUNT(B9,C9,J9,K9)=0,0,AVERAGE(B9,C9,J9,K9)) -> 5 | S9: =IF(COUNT(B9,C9,J9,K9)=0,0,_xlfn.STDEV.S(B9,C9,J9,K9)) -> 0 | T9: =IF(COUNT(B9,C9,J9,K9)=0,0,MEDIAN(B9,C9,J9,K9)) -> 5 | U9: =SUM(B9,C9,J9,K9) -> 20 | V9: =IF(COUNT(D9:H9)=0,0,AVERAGE(D9:H9)) -> 3.6 | W9: =IF(COUNT(D9:H9)=0,0,_xlfn.STDEV.S(D9:H9)) -> 1.6733201 | X9: =IF(COUNT(D9:H9)=0,0,MEDIAN(D9:H9)) -> 4 | Y9: =SUM(D9:H9) -> 18 | Z9: =IF(COUNT(I9,L9,M9)=0,0,AVERAGE(I9,L9,M9)) -> 4.6666667 | AA9: =IF(COUNT(I9,L9,M9)=0,0,_xlfn.STDEV.S(I9,L9,M9)) -> 0.57735027 | AB9: =IF(COUNT(I9,L9,M9)=0,0,MEDIAN(I9,L9,M9)) -> 5 | AC9: =SUM(I9,L9,M9) -> 14 | AD9: =IF(COUNT(N9:Q9)=0,0,AVERAGE(N9:Q9)) -> 4 | AE9: =IF(COUNT(N9:Q9)=0,0,_xlfn.STDEV.S(N9:Q9)) -> 0.81649658 | AF9: =IF(COUNT(N9:Q9)=0,0,MEDIAN(N9:Q9)) -> 4 | AG9: =SUM(N9:Q9) -> 16 | AH9: =AVERAGE(VALUE(B9),VALUE(Q9)) -> 4.5 | AI9: =IF(COUNT(B9,Q9)=0,0,_xlfn.STDEV.S(B9,Q9)) -> 0.70710678 | AJ9: =IF(COUNT(B9,Q9)=0,0,MEDIAN(B9,Q9)) -> 4.5 | AK9: =SUM(B9:Q9) -> 68
A10: 6 | B10: 5 | C10: 4 | D10: 5 | E10: 5 | F10: 3 | G10: 4 | H10: 4 | I10: 4 | J10: 5 | K10: 5 | L10: 5 | M10: 5 | N10: 4 | O10: 4 | P10: 5 | Q10: 2 | R10: =IF(COUNT(B10,C10,J10,K10)=0,0,AVERAGE(B10,C10,J10,K10)) -> 4.75 | S10: =IF(COUNT(B10,C10,J10,K10)=0,0,_xlfn.STDEV.S(B10,C10,J10,K10)) -> 0.5 | T10: =IF(COUNT(B10,C10,J10,K10)=0,0,MEDIAN(B10,C10,J10,K10)) -> 5 | U10: =SUM(B10,C10,J10,K10) -> 19 | V10: =IF(COUNT(D10:H10)=0,0,AVERAGE(D10:H10)) -> 4.2 | W10: =IF(COUNT(D10:H10)=0,0,_xlfn.STDEV.S(D10:H10)) -> 0.83666003 | X10: =IF(COUNT(D10:H10)=0,0,MEDIAN(D10:H10)) -> 4 | Y10: =SUM(D10:H10) -> 21 | Z10: =IF(COUNT(I10,L10,M10)=0,0,AVERAGE(I10,L10,M10)) -> 4.6666667 | AA10: =IF(COUNT(I10,L10,M10)=0,0,_xlfn.STDEV.S(I10,L10,M10)) -> 0.57735027 | AB10: =IF(COUNT(I10,L10,M10)=0,0,MEDIAN(I10,L10,M10)) -> 5 | AC10: =SUM(I10,L10,M10) -> 14 | AD10: =IF(COUNT(N10:Q10)=0,0,AVERAGE(N10:Q10)) -> 3.75 | AE10: =IF(COUNT(N10:Q10)=0,0,_xlfn.STDEV.S(N10:Q10)) -> 1.2583057 | AF10: =IF(COUNT(N10:Q10)=0,0,MEDIAN(N10:Q10)) -> 4 | AG10: =SUM(N10:Q10) -> 15 | AH10: =AVERAGE(VALUE(B10),VALUE(Q10)) -> 3.5 | AI10: =IF(COUNT(B10,Q10)=0,0,_xlfn.STDEV.S(B10,Q10)) -> 2.1213203 | AJ10: =IF(COUNT(B10,Q10)=0,0,MEDIAN(B10,Q10)) -> 3.5 | AK10: =SUM(B10:Q10) -> 69
A11: 7 | B11: 4 | C11: 5 | D11: 4 | E11: 3 | F11: 4 | G11: 4 | H11: 3 | I11: 4 | J11: 5 | K11: 4 | L11: 4 | M11: 4 | N11: 4 | O11: 4 | P11: 4 | Q11: 2 | R11: =IF(COUNT(B11,C11,J11,K11)=0,0,AVERAGE(B11,C11,J11,K11)) -> 4.5 | S11: =IF(COUNT(B11,C11,J11,K11)=0,0,_xlfn.STDEV.S(B11,C11,J11,K11)) -> 0.57735027 | T11: =IF(COUNT(B11,C11,J11,K11)=0,0,MEDIAN(B11,C11,J11,K11)) -> 4.5 | U11: =SUM(B11,C11,J11,K11) -> 18 | V11: =IF(COUNT(D11:H11)=0,0,AVERAGE(D11:H11)) -> 3.6 | W11: =IF(COUNT(D11:H11)=0,0,_xlfn.STDEV.S(D11:H11)) -> 0.54772256 | X11: =IF(COUNT(D11:H11)=0,0,MEDIAN(D11:H11)) -> 4 | Y11: =SUM(D11:H11) -> 18 | Z11: =IF(COUNT(I11,L11,M11)=0,0,AVERAGE(I11,L11,M11)) -> 4 | AA11: =IF(COUNT(I11,L11,M11)=0,0,_xlfn.STDEV.S(I11,L11,M11)) -> 0 | AB11: =IF(COUNT(I11,L11,M11)=0,0,MEDIAN(I11,L11,M11)) -> 4 | AC11: =SUM(I11,L11,M11) -> 12 | AD11: =IF(COUNT(N11:Q11)=0,0,AVERAGE(N11:Q11)) -> 3.5 | AE11: =IF(COUNT(N11:Q11)=0,0,_xlfn.STDEV.S(N11:Q11)) -> 1 | AF11: =IF(COUNT(N11:Q11)=0,0,MEDIAN(N11:Q11)) -> 4 | AG11: =SUM(N11:Q11) -> 14 | AH11: =AVERAGE(VALUE(B11),VALUE(Q11)) -> 3 | AI11: =IF(COUNT(B11,Q11)=0,0,_xlfn.STDEV.S(B11,Q11)) -> 1.4142136 | AJ11: =IF(COUNT(B11,Q11)=0,0,MEDIAN(B11,Q11)) -> 3 | AK11: =SUM(B11:Q11) -> 62
A12: 8 | B12: 4 | C12: 5 | D12: 3 | E12: 4 | F12: 4 | G12: 4 | H12: 4 | I12: 4 | J12: 5 | K12: 4 | L12: 4 | M12: 4 | N12: 4 | O12: 4 | P12: 4 | Q12: 3 | R12: =IF(COUNT(B12,C12,J12,K12)=0,0,AVERAGE(B12,C12,J12,K12)) -> 4.5 | S12: =IF(COUNT(B12,C12,J12,K12)=0,0,_xlfn.STDEV.S(B12,C12,J12,K12)) -> 0.57735027 | T12: =IF(COUNT(B12,C12,J12,K12)=0,0,MEDIAN(B12,C12,J12,K12)) -> 4.5 | U12: =SUM(B12,C12,J12,K12) -> 18 | V12: =IF(COUNT(D12:H12)=0,0,AVERAGE(D12:H12)) -> 3.8 | W12: =IF(COUNT(D12:H12)=0,0,_xlfn.STDEV.S(D12:H12)) -> 0.4472136 | X12: =IF(COUNT(D12:H12)=0,0,MEDIAN(D12:H12)) -> 4 | Y12: =SUM(D12:H12) -> 19 | Z12: =IF(COUNT(I12,L12,M12)=0,0,AVERAGE(I12,L12,M12)) -> 4 | AA12: =IF(COUNT(I12,L12,M12)=0,0,_xlfn.STDEV.S(I12,L12,M12)) -> 0 | AB12: =IF(COUNT(I12,L12,M12)=0,0,MEDIAN(I12,L12,M12)) -> 4 | AC12: =SUM(I12,L12,M12) -> 12 | AD12: =IF(COUNT(N12:Q12)=0,0,AVERAGE(N12:Q12)) -> 3.75 | AE12: =IF(COUNT(N12:Q12)=0,0,_xlfn.STDEV.S(N12:Q12)) -> 0.5 | AF12: =IF(COUNT(N12:Q12)=0,0,MEDIAN(N12:Q12)) -> 4 | AG12: =SUM(N12:Q12) -> 15 | AH12: =AVERAGE(VALUE(B12),VALUE(Q12)) -> 3.5 | AI12: =IF(COUNT(B12,Q12)=0,0,_xlfn.STDEV.S(B12,Q12)) -> 0.70710678 | AJ12: =IF(COUNT(B12,Q12)=0,0,MEDIAN(B12,Q12)) -> 3.5 | AK12: =SUM(B12:Q12) -> 64
A13: 9 | B13: 4 | C13: 5 | D13: 4 | E13: 4 | F13: 4 | G13: 4 | H13: 4 | I13: 5 | J13: 5 | K13: 5 | L13: 5 | M13: 5 | N13: 5 | O13: 4 | P13: 5 | Q13: 4 | R13: =IF(COUNT(B13,C13,J13,K13)=0,0,AVERAGE(B13,C13,J13,K13)) -> 4.75 | S13: =IF(COUNT(B13,C13,J13,K13)=0,0,_xlfn.STDEV.S(B13,C13,J13,K13)) -> 0.5 | T13: =IF(COUNT(B13,C13,J13,K13)=0,0,MEDIAN(B13,C13,J13,K13)) -> 5 | U13: =SUM(B13,C13,J13,K13) -> 19 | V13: =IF(COUNT(D13:H13)=0,0,AVERAGE(D13:H13)) -> 4 | W13: =IF(COUNT(D13:H13)=0,0,_xlfn.STDEV.S(D13:H13)) -> 0 | X13: =IF(COUNT(D13:H13)=0,0,MEDIAN(D13:H13)) -> 4 | Y13: =SUM(D13:H13) -> 20 | Z13: =IF(COUNT(I13,L13,M13)=0,0,AVERAGE(I13,L13,M13)) -> 5 | AA13: =IF(COUNT(I13,L13,M13)=0,0,_xlfn.STDEV.S(I13,L13,M13)) -> 0 | AB13: =IF(COUNT(I13,L13,M13)=0,0,MEDIAN(I13,L13,M13)) -> 5 | AC13: =SUM(I13,L13,M13) -> 15 | AD13: =IF(COUNT(N13:Q13)=0,0,AVERAGE(N13:Q13)) -> 4.5 | AE13: =IF(COUNT(N13:Q13)=0,0,_xlfn.STDEV.S(N13:Q13)) -> 0.57735027 | AF13: =IF(COUNT(N13:Q13)=0,0,MEDIAN(N13:Q13)) -> 4.5 | AG13: =SUM(N13:Q13) -> 18 | AH13: =AVERAGE(VALUE(B13),VALUE(Q13)) -> 4 | AI13: =IF(COUNT(B13,Q13)=0,0,_xlfn.STDEV.S(B13,Q13)) -> 0 | AJ13: =IF(COUNT(B13,Q13)=0,0,MEDIAN(B13,Q13)) -> 4 | AK13: =SUM(B13:Q13) -> 72
A14: 10 | B14: 4 | C14: 5 | D14: 4 | E14: 5 | F14: 5 | G14: 5 | H14: 5 | I14: 5 | J14: 5 | K14: 5 | L14: 5 | M14: 5 | N14: 5 | O14: 5 | P14: 5 | Q14: 5 | R14: =IF(COUNT(B14,C14,J14,K14)=0,0,AVERAGE(B14,C14,J14,K14)) -> 4.75 | S14: =IF(COUNT(B14,C14,J14,K14)=0,0,_xlfn.STDEV.S(B14,C14,J14,K14)) -> 0.5 | T14: =IF(COUNT(B14,C14,J14,K14)=0,0,MEDIAN(B14,C14,J14,K14)) -> 5 | U14: =SUM(B14,C14,J14,K14) -> 19 | V14: =IF(COUNT(D14:H14)=0,0,AVERAGE(D14:H14)) -> 4.8 | W14: =IF(COUNT(D14:H14)=0,0,_xlfn.STDEV.S(D14:H14)) -> 0.4472136 | X14: =IF(COUNT(D14:H14)=0,0,MEDIAN(D14:H14)) -> 5 | Y14: =SUM(D14:H14) -> 24 | Z14: =IF(COUNT(I14,L14,M14)=0,0,AVERAGE(I14,L14,M14)) -> 5 | AA14: =IF(COUNT(I14,L14,M14)=0,0,_xlfn.STDEV.S(I14,L14,M14)) -> 0 | AB14: =IF(COUNT(I14,L14,M14)=0,0,MEDIAN(I14,L14,M14)) -> 5 | AC14: =SUM(I14,L14,M14) -> 15 | AD14: =IF(COUNT(N14:Q14)=0,0,AVERAGE(N14:Q14)) -> 5 | AE14: =IF(COUNT(N14:Q14)=0,0,_xlfn.STDEV.S(N14:Q14)) -> 0 | AF14: =IF(COUNT(N14:Q14)=0,0,MEDIAN(N14:Q14)) -> 5 | AG14: =SUM(N14:Q14) -> 20 | AH14: =AVERAGE(VALUE(B14),VALUE(Q14)) -> 4.5 | AI14: =IF(COUNT(B14,Q14)=0,0,_xlfn.STDEV.S(B14,Q14)) -> 0.70710678 | AJ14: =IF(COUNT(B14,Q14)=0,0,MEDIAN(B14,Q14)) -> 4.5 | AK14: =SUM(B14:Q14) -> 78
A15: 11 | B15: 5 | C15: 5 | D15: 3 | E15: 4 | F15: 3 | G15: 5 | H15: 3 | I15: 3 | J15: 5 | K15: 5 | L15: 3 | M15: 4 | N15: 3 | O15: 3 | P15: 2 | Q15: 4 | R15: =IF(COUNT(B15,C15,J15,K15)=0,0,AVERAGE(B15,C15,J15,K15)) -> 5 | S15: =IF(COUNT(B15,C15,J15,K15)=0,0,_xlfn.STDEV.S(B15,C15,J15,K15)) -> 0 | T15: =IF(COUNT(B15,C15,J15,K15)=0,0,MEDIAN(B15,C15,J15,K15)) -> 5 | U15: =SUM(B15,C15,J15,K15) -> 20 | V15: =IF(COUNT(D15:H15)=0,0,AVERAGE(D15:H15)) -> 3.6 | W15: =IF(COUNT(D15:H15)=0,0,_xlfn.STDEV.S(D15:H15)) -> 0.89442719 | X15: =IF(COUNT(D15:H15)=0,0,MEDIAN(D15:H15)) -> 3 | Y15: =SUM(D15:H15) -> 18 | Z15: =IF(COUNT(I15,L15,M15)=0,0,AVERAGE(I15,L15,M15)) -> 3.3333333 | AA15: =IF(COUNT(I15,L15,M15)=0,0,_xlfn.STDEV.S(I15,L15,M15)) -> 0.57735027 | AB15: =IF(COUNT(I15,L15,M15)=0,0,MEDIAN(I15,L15,M15)) -> 3 | AC15: =SUM(I15,L15,M15) -> 10 | AD15: =IF(COUNT(N15:Q15)=0,0,AVERAGE(N15:Q15)) -> 3 | AE15: =IF(COUNT(N15:Q15)=0,0,_xlfn.STDEV.S(N15:Q15)) -> 0.81649658 | AF15: =IF(COUNT(N15:Q15)=0,0,MEDIAN(N15:Q15)) -> 3 | AG15: =SUM(N15:Q15) -> 12 | AH15: =AVERAGE(VALUE(B15),VALUE(Q15)) -> 4.5 | AI15: =IF(COUNT(B15,Q15)=0,0,_xlfn.STDEV.S(B15,Q15)) -> 0.70710678 | AJ15: =IF(COUNT(B15,Q15)=0,0,MEDIAN(B15,Q15)) -> 4.5 | AK15: =SUM(B15:Q15) -> 60
A16: 12 | B16: 5 | C16: 3 | D16: 5 | E16: 4 | F16: 5 | G16: 4 | H16: 4 | I16: 4 | J16: 2 | K16: 4 | L16: 4 | M16: 4 | N16: 4 | O16: 4 | P16: 3 | Q16: 3 | R16: =IF(COUNT(B16,C16,J16,K16)=0,0,AVERAGE(B16,C16,J16,K16)) -> 3.5 | S16: =IF(COUNT(B16,C16,J16,K16)=0,0,_xlfn.STDEV.S(B16,C16,J16,K16)) -> 1.2909944 | T16: =IF(COUNT(B16,C16,J16,K16)=0,0,MEDIAN(B16,C16,J16,K16)) -> 3.5 | U16: =SUM(B16,C16,J16,K16) -> 14 | V16: =IF(COUNT(D16:H16)=0,0,AVERAGE(D16:H16)) -> 4.4 | W16: =IF(COUNT(D16:H16)=0,0,_xlfn.STDEV.S(D16:H16)) -> 0.54772256 | X16: =IF(COUNT(D16:H16)=0,0,MEDIAN(D16:H16)) -> 4 | Y16: =SUM(D16:H16) -> 22 | Z16: =IF(COUNT(I16,L16,M16)=0,0,AVERAGE(I16,L16,M16)) -> 4 | AA16: =IF(COUNT(I16,L16,M16)=0,0,_xlfn.STDEV.S(I16,L16,M16)) -> 0 | AB16: =IF(COUNT(I16,L16,M16)=0,0,MEDIAN(I16,L16,M16)) -> 4 | AC16: =SUM(I16,L16,M16) -> 12 | AD16: =IF(COUNT(N16:Q16)=0,0,AVERAGE(N16:Q16)) -> 3.5 | AE16: =IF(COUNT(N16:Q16)=0,0,_xlfn.STDEV.S(N16:Q16)) -> 0.57735027 | AF16: =IF(COUNT(N16:Q16)=0,0,MEDIAN(N16:Q16)) -> 3.5 | AG16: =SUM(N16:Q16) -> 14 | AH16: =AVERAGE(VALUE(B16),VALUE(Q16)) -> 4 | AI16: =IF(COUNT(B16,Q16)=0,0,_xlfn.STDEV.S(B16,Q16)) -> 1.4142136 | AJ16: =IF(COUNT(B16,Q16)=0,0,MEDIAN(B16,Q16)) -> 4 | AK16: =SUM(B16:Q16) -> 62
... A35: 31 | B35: 5 | C35: 3 | D35: 4 | E35: 4 | F35: 3 | G35: 3 | H35: 4 | I35: 4 | J35: 3 | K35: 4 | L35: 3 | M35: 4 | N35: 4 | O35: 3 | P35: 4 | Q35: 4 | R35: =IF(COUNT(B35,C35,J35,K35)=0,0,AVERAGE(B35,C35,J35,K35)) -> 3.75 | S35: =IF(COUNT(B35,C35,J35,K35)=0,0,_xlfn.STDEV.S(B35,C35,J35,K35)) -> 0.95742711 | T35: =IF(COUNT(B35,C35,J35,K35)=0,0,MEDIAN(B35,C35,J35,K35)) -> 3.5 | U35: =SUM(B35,C35,J35,K35) -> 15 | V35: =IF(COUNT(D35:H35)=0,0,AVERAGE(D35:H35)) -> 3.6 | W35: =IF(COUNT(D35:H35)=0,0,_xlfn.STDEV.S(D35:H35)) -> 0.54772256 | X35: =IF(COUNT(D35:H35)=0,0,MEDIAN(D35:H35)) -> 4 | Y35: =SUM(D35:H35) -> 18 | Z35: =IF(COUNT(I35,L35,M35)=0,0,AVERAGE(I35,L35,M35)) -> 3.6666667 | AA35: =IF(COUNT(I35,L35,M35)=0,0,_xlfn.STDEV.S(I35,L35,M35)) -> 0.57735027 | AB35: =IF(COUNT(I35,L35,M35)=0,0,MEDIAN(I35,L35,M35)) -> 4 | AC35: =SUM(I35,L35,M35) -> 11 | AD35: =IF(COUNT(N35:Q35)=0,0,AVERAGE(N35:Q35)) -> 3.75 | AE35: =IF(COUNT(N35:Q35)=0,0,_xlfn.STDEV.S(N35:Q35)) -> 0.5 | AF35: =IF(COUNT(N35:Q35)=0,0,MEDIAN(N35:Q35)) -> 4 | AG35: =SUM(N35:Q35) -> 15 | AH35: =AVERAGE(VALUE(B35),VALUE(Q35)) -> 4.5 | AI35: =IF(COUNT(B35,Q35)=0,0,_xlfn.STDEV.S(B35,Q35)) -> 0.70710678 | AJ35: =IF(COUNT(B35,Q35)=0,0,MEDIAN(B35,Q35)) -> 4.5 | AK35: =SUM(B35:Q35) -> 59
R36: =AVERAGE(R5:R35) -> 4.4677419 | S36: =AVERAGE(S5:S35) -> 0.44067142 | T36: =AVERAGE(T5:T35) -> 4.483871 | U36: =IF(_xlfn.VAR.S(U5:U35)=0,"",(4/3)*(1-((_xlfn.VAR.S(B5:B35)+_xlfn.VAR.S(C5:C35)+_xlfn.VAR.S(J5:J35)+_xlfn.VAR.S(K5:K35))/_xlfn.VAR.S(U5:U35)))) -> 0.77638606 | V36: =AVERAGE(V5:V35) -> 3.8129032 | W36: =AVERAGE(W5:W35) -> 0.63422308 | X36: =AVERAGE(X5:X35) -> 3.8064516 | Y36: =IF(_xlfn.VAR.S(Y5:Y35)=0,"",(4/3)*(1-((_xlfn.VAR.S(D5:D35)+_xlfn.VAR.S(E5:E35)+_xlfn.VAR.S(F5:F35)+_xlfn.VAR.S(G5:G35)+_xlfn.VAR.S(H5:H35))/_xlfn.VAR.S(Y5:Y35)))) -> 0.879305 | Z36: =AVERAGE(Z5:Z35) -> 3.8709677 | AA36: =AVERAGE(AA5:AA35) -> 0.43539291 | AB36: =AVERAGE(AB5:AB35) -> 3.9354839 | AC36: =IF(_xlfn.VAR.S(AC5:AC35)=0,"",(3/2)*(1-((_xlfn.VAR.S(I5:I35)+_xlfn.VAR.S(L5:L35)+_xlfn.VAR.S(M5:M35))/_xlfn.VAR.S(AC5:AC35)))) -> 0.83752166 | AD36: =AVERAGE(AD5:AD35) -> 3.5241935 | AE36: =AVERAGE(AE5:AE35) -> 0.67453862 | AF36: =AVERAGE(AF5:AF35) -> 3.5645161 | AG36: =IF(_xlfn.VAR.S(AG5:AG35)=0,"",(4/3)*(1-((_xlfn.VAR.S(N5:N35)+_xlfn.VAR.S(O5:O35)+_xlfn.VAR.S(P5:P35)+_xlfn.VAR.S(Q5:Q35))/_xlfn.VAR.S(AG5:AG35)))) -> 0.84574685 | AH36: =AVERAGE(AH5:AH35) -> 3.8064516 | AI36: =AVERAGE(AI5:AI35) -> 1.1404948 | AJ36: =AVERAGE(AJ5:AJ35) -> 3.8064516 | AK36: =IF(_xlfn.VAR.S(AK5:AK35)=0,"",(16/15)*(1-((_xlfn.VAR.S(B5:B35)+_xlfn.VAR.S(C5:C35)+_xlfn.VAR.S(D5:D35)+_xlfn.VAR.S(E5:E35)+_xlfn.VAR.S(F5:F35)+_xlfn.VAR.S(G5:G35)+_xlfn.VAR.S(H5:H35)+_xlfn.VAR.S(I5:I35)+_xlfn.VAR.S(J5:J35)+_xlfn.VAR.S(K5:K35)+_xlfn.VAR.S(L5:L35)+_xlfn.VAR.S(M5:M35)+_xlfn.VAR.S(N5:N35)+_xlfn.VAR.S(O5:O35)+_xlfn.VAR.S(P5:P35)+_xlfn.VAR.S(Q5:Q35))/_xlfn.VAR.S(AK5:AK35)))) -> 0.87406699
U37: =IF(U36>=0.9,"Excellent", IF(U36>=0.8,"Good", IF(U36>=0.7,"Acceptable", IF(U36>=0.6,"Questionable", IF(U36>=0.5,"Poor", "Unacceptable"))))) -> Acceptable | Y37: =IF(Y36>=0.9,"Excellent", IF(Y36>=0.8,"Good", IF(Y36>=0.7,"Acceptable", IF(Y36>=0.6,"Questionable", IF(Y36>=0.5,"Poor", "Unacceptable"))))) -> Good | AC37: =IF(AC36>=0.9,"Excellent", IF(AC36>=0.8,"Good", IF(AC36>=0.7,"Acceptable", IF(AC36>=0.6,"Questionable", IF(AC36>=0.5,"Poor", "Unacceptable"))))) -> Good | AG37: =IF(AG36>=0.9,"Excellent", IF(AG36>=0.8,"Good", IF(AG36>=0.7,"Acceptable", IF(AG36>=0.6,"Questionable", IF(AG36>=0.5,"Poor", "Unacceptable"))))) -> Good | AK37: =IF(AK36>=0.9,"Excellent", IF(AK36>=0.8,"Good", IF(AK36>=0.7,"Acceptable", IF(AK36>=0.6,"Questionable", IF(AK36>=0.5,"Poor", "Unacceptable"))))) -> Good
A42: M | B42: =AVERAGE(B5:B35) -> 4.3870968 | C42: =AVERAGE(C5:C35) -> 4.6451613 | D42: =AVERAGE(D5:D35) -> 3.6129032 | E42: =AVERAGE(E5:E35) -> 3.8064516 | F42: =AVERAGE(F5:F35) -> 4 | G42: =AVERAGE(G5:G35) -> 4.0645161 | H42: =AVERAGE(H5:H35) -> 3.5806452 | I42: =AVERAGE(I5:I35) -> 3.6774194 | ... Q42: =AVERAGE(Q5:Q35) -> 3.2258065
A43: SD | B43: =_xlfn.STDEV.S(B5:B35) -> 0.95489683 | C43: =_xlfn.STDEV.S(C5:C35) -> 0.7093841 | D43: =_xlfn.STDEV.S(D5:D35) -> 0.88232342 | E43: =_xlfn.STDEV.S(E5:E35) -> 1.0776318 | F43: =_xlfn.STDEV.S(F5:F35) -> 0.89442719 | G43: =_xlfn.STDEV.S(G5:G35) -> 0.89201958 | H43: =_xlfn.STDEV.S(H5:H35) -> 1.0885524 | I43: =_xlfn.STDEV.S(I5:I35) -> 1.0452144 | ... Q43: =_xlfn.STDEV.S(Q5:Q35) -> 1.2572371
A44: Md | B44: =MEDIAN(B5:B35) -> 5 | C44: =MEDIAN(C5:C35) -> 5 | D44: =MEDIAN(D5:D35) -> 4 | E44: =MEDIAN(E5:E35) -> 4 | F44: =MEDIAN(F5:F35) -> 4 | G44: =MEDIAN(G5:G35) -> 4 | H44: =MEDIAN(H5:H35) -> 4 | I44: =MEDIAN(I5:I35) -> 4 | ... Q44: =MEDIAN(Q5:Q35) -> 3
A45: p | B45: <0,001 | C45: <0,001 | D45: 0.002 | E45: 0.002 | F45: <0,001 | G45: <0,001 | H45: 0.009 | I45: 0.003 | J45: <0,001 | K45: <0,001 | L45: <0,001 | M45: <0,001 | N45: <0,001 | O45: 0.004 | P45: 0.095 | Q45: 0.374
